,gm_question1,gm_question10,gm_question2,gm_question3,gm_question4,gm_question5,gm_question6,gm_question7,gm_question8,gm_question9,hbpe_question1,hbpe_question10,hbpe_question2,hbpe_question3,hbpe_question4,hbpe_question5,hbpe_question6,hbpe_question7,hbpe_question8,hbpe_question9,pc_question1,pc_question10,pc_question2,pc_question3,pc_question4,pc_question5,pc_question6,pc_question7,pc_question8,pc_question9,Average
Persona+COT+Format Template,17,18,20,17,17,17,17,18,16,18,19,17,20,20,19,17,18,20,19,18,17,18,18,17,18,17,17,17,18,17,17.866666666666667
COT+Format Template,18,18,19,18,18,18,17,17,17,17,17,15,18,19,18,18,19,19,18,19,18,17,17,16,17,18,16,16,12,16,17.333333333333332
Persona+Format Template,19,18,18,18,19,17,18,16,19,19,18,18,17,19,19,18,17,18,18,18,16,15,18,17,17,16,18,18,18,18,17.733333333333334
Persona+COT,18,17,18,16,18,16,18,15,18,18,19,17,14,18,18,17,18,18,18,17,18,17,19,18,18,17,15,18,17,17,17.333333333333332
GPT with RAG only,19,17,19,18,17,18,19,14,18,18,18,15,15,18,16,19,19,19,20,17,20,16,19,19,17,17,17,19,15,18,17.666666666666668
Original GPT without RAG,18,16,14,17,18,20,17,13,14,15,10,14,12,15,15,15,20,20,19,16,19,17,20,12,15,5,10,12,20,15,15.433333333333334
