,gm_question1,gm_question10,gm_question2,gm_question3,gm_question4,gm_question5,gm_question6,gm_question7,gm_question8,gm_question9,hbpe_question1,hbpe_question10,hbpe_question2,hbpe_question3,hbpe_question4,hbpe_question5,hbpe_question6,hbpe_question7,hbpe_question8,hbpe_question9,pc_question1,pc_question10,pc_question2,pc_question3,pc_question4,pc_question5,pc_question6,pc_question7,pc_question8,pc_question9,Average
Persona+COT+Format Template,93,98,100,93,89,94,93,97,92,96,98,93,100,100,95,92,95,100,97,97,92,95,97,95,95,91,91,92,95,90,94.83333333333333
COT+Format Template,97,95,99,96,97,90,95,91,95,91,94,85,90,98,89,95,94,95,95,96,90,91,94,95,78,94,95,87,70,90,92.03333333333333
Persona+Format Template,92,95,97,93,88,91,91,87,89,95,95,94,88,97,95,92,90,92,96,93,92,89,96,93,88,87,90,91,94,93,92.1
Persona+COT,94,91,90,91,91,90,95,84,92,93,94,88,81,97,94,87,94,89,96,90,93,91,94,90,95,91,83,96,91,91,91.2
GPT with RAG only,91,90,91,93,89,83,92,79,88,90,90,82,83,95,92,90,93,94,93,92,89,89,94,94,79,91,86,88,76,93,88.96666666666667
Original GPT without RAG,86,81,73,79,86,72,84,74,75,83,35,78,63,80,88,35,89,87,90,82,85,60,85,49,57,25,54,50,69,68,70.73333333333333
