prompting_type,gm_question1,gm_question10,gm_question2,gm_question3,gm_question4,gm_question5,gm_question6,gm_question7,gm_question8,gm_question9,hbpe_question1,hbpe_question10,hbpe_question2,hbpe_question3,hbpe_question4,hbpe_question5,hbpe_question6,hbpe_question7,hbpe_question8,hbpe_question9,pc_question1,pc_question10,pc_question2,pc_question3,pc_question4,pc_question5,pc_question6,pc_question7,pc_question8,pc_question9,Average
COT+Format Template,0.3,0.2142857142857142,0.2222222222222222,0.3571428571428571,0.9333333333333332,0.4,0.0,0.375,0.8333333333333334,1.0,0.375,0.75,0.0,0.3333333333333333,0.2222222222222222,0.5,0.5,0.0909090909090909,0.625,1.0,0.5333333333333333,1.0,0.4,0.3333333333333333,0.5714285714285714,1.0,0.3846153846153846,1.0,0.25,1.0,0.5168164243164244
GPT with RAG only,0.0,0.5,0.125,0.5714285714285714,1.0,0.75,0.5384615384615384,0.375,0.4,1.0,0.875,0.4,1.0,1.0,1.0,0.75,0.5555555555555556,1.0,0.9,0.9,0.9411764705882352,1.0,0.125,1.0,0.7777777777777778,1.0,0.8461538461538461,0.5,1.0,0.8,0.7210184586655175
Original GPT without RAG,0.7777777777777778,1.0,1.0,0.8,1.0,0.0,1.0,1.0,1.0,1.0,0.6666666666666666,1.0,0.8181818181818182,0.9393939393939394,1.0,0.0,1.0,1.0,1.0,1.0,1.0,0.125,1.0,0.7777777777777778,0.9583333333333334,0.0,0.9565217391304348,0.1428571428571428,0.1,1.0,0.7687503398372963
Persona+COT,1.0,0.8461538461538461,0.2222222222222222,0.4,1.0,0.5714285714285714,0.1111111111111111,0.5,0.5,1.0,0.375,0.3333333333333333,0.8181818181818182,0.5,0.5,0.8,0.6153846153846154,0.0,0.3571428571428571,1.0,1.0,0.6153846153846154,0.6666666666666666,0.2857142857142857,1.0,0.6666666666666666,0.7333333333333333,0.4444444444444444,0.25,0.5,0.5870722795722795
Persona+COT+Format Template,1.0,0.8666666666666667,0.75,0.2666666666666666,0.9,0.5454545454545454,0.0,0.8125,0.25,1.0,0.3333333333333333,0.1428571428571428,0.6428571428571429,0.4705882352941176,0.5555555555555556,0.2,0.6363636363636364,0.2666666666666666,0.75,0.9090909090909092,1.0,0.5384615384615384,0.1111111111111111,0.25,1.0,1.0,0.3333333333333333,0.625,0.0,0.625,0.5593835494570789
Persona+Format Template,0.6,0.65,0.4545454545454545,0.6153846153846154,0.9090909090909092,0.5714285714285714,0.35,1.0,0.625,0.6666666666666666,0.25,0.8125,0.9285714285714286,0.8181818181818182,1.0,0.5714285714285714,0.7272727272727273,0.9166666666666666,0.8571428571428571,1.0,1.0,1.0,0.5,0.4285714285714285,0.9285714285714286,0.75,0.8421052631578947,0.3076923076923077,0.1428571428571428,1.0,0.7074559285743495
