Filename,Chunk Length,Top K,Search Type,Faithfulness,Answer Relevancy,Context Precision,Context Recall
output_chunk700_top20_similarity.csv,700,20,similarity,"[0.5, 1.0, 1.0, 1.0, 1.0, 1.0, 1.0, 1.0, 1.0, 0.3333333333333333, 0.5, 1.0, nan, 1.0, 1.0, 0.75, 1.0, 0.0, 0.5, 0.0]","[np.float64(0.75980569369755), np.float64(0.7160604119546301), np.float64(0.7835759800382339), np.float64(0.0), np.float64(0.0), np.float64(0.0), np.float64(0.0), np.float64(0.741305426586889), np.float64(0.7368299933280934), np.float64(0.7268137330229747), np.float64(0.0), np.float64(0.7611203332817839), np.float64(0.7609786471347126), np.float64(0.7248252366730351), np.float64(0.0), np.float64(0.7088649570089576), np.float64(0.7774584186694783), np.float64(0.7462389506222861), np.float64(0.0), np.float64(0.7990578479396261)]","[0.9999999999950001, 0.9071365092683652, 0.6244047618958418, 0.831188308650859, 0.9999999999950001, 0.9852889124203571, 0.7332103082041982, 0.8088235293915441, 0.9999999999950001, 0.6572281397884523, 0.9999999999950001, 0.8547975082800052, 0.8523053349400956, 0.9024381028268235, 0.9973684210473823, 0.9999999999950001, 0.9999999999950001, 0.9071365092683652, 0.9541206678693808, 0.999999999994737]","[1.0, 1.0, 1.0, 1.0, 1.0, 1.0, 1.0, 1.0, 1.0, 1.0, 1.0, nan, 1.0, 1.0, 1.0, 1.0, 1.0, 1.0, 1.0, 1.0]"
