Filename,Chunk Length,Top K,Search Type,Faithfulness,Answer Relevancy,Context Precision,Context Recall
output_chunk700_top22_similarity.csv,700,22,similarity,"[0.0, 1.0, 1.0, 1.0, 1.0, 1.0, 1.0, 1.0, 1.0, 0.0, nan, nan, nan, 1.0, 1.0, 1.0, 1.0, 0.0, 0.5, 0.0]","[np.float64(0.765500809828739), np.float64(0.7160604119546301), np.float64(0.7832224278775636), np.float64(0.0), np.float64(0.0), np.float64(0.0), np.float64(0.0), np.float64(0.7480981364888439), np.float64(0.7419167357995864), np.float64(0.7268137330229747), np.float64(0.0), np.float64(0.7611203332817839), np.float64(0.7610390363468945), np.float64(0.7280760758295478), np.float64(0.0), np.float64(0.7088649570089576), np.float64(0.7770093768143455), np.float64(0.7462389506222861), np.float64(0.0), np.float64(0.0)]","[0.8880597911766327, 0.9906807060895225, 0.6734848484773653, 0.784038184032153, 0.9999999999954546, 0.9999999999954546, 0.45021645020894663, 0.7254901960542482, 0.9637216668406956, 0.49908103591601144, 0.9999999999954546, 0.9234533372868435, 0.6499271561690321, 0.8558556438025974, 0.9666081920930182, 0.9756819288009007, 0.9999999999954546, 0.8603716535804217, 0.9419492544429747, 0.9999999999952381]","[1.0, 1.0, 1.0, 1.0, 1.0, 1.0, 1.0, 1.0, 1.0, 1.0, nan, nan, 1.0, 1.0, 1.0, 1.0, 1.0, 1.0, 1.0, 1.0]"
