Filename,Chunk Length,Top K,Search Type,BLEU Score,ROUGE-1,ROUGE-2,ROUGE-3,Total avg score
output_chunk1000_top5_mmr.csv,1000,5,mmr,0.34987763804453736,0.604707531598836,0.34183838383838383,0.16837614870509607,0.360759163045988
output_chunk100_top5_mmr.csv,100,5,mmr,0.3501411706782472,0.6008774260318883,0.3364965034965035,0.1591499582289056,0.35782456663200646
output_chunk1500_top5_mmr.csv,1500,5,mmr,0.34178331851456195,0.5862836309380932,0.336009324009324,0.1559843738133212,0.35060454738407076
output_chunk2000_top5_mmr.csv,2000,5,mmr,0.35585935364780547,0.5971973926150127,0.33910822510822514,0.16081662489557225,0.36078338392703774
output_chunk200_top5_mmr.csv,200,5,mmr,0.35582694626711925,0.602083053737516,0.3439409479409479,0.1629594820384294,0.36274405375304186
output_chunk200_top5_similarity.csv,200,5,similarity,0.371710018186338,0.6018413422326465,0.34238636363636366,0.16081662489557225,0.37002906422059934
output_chunk300_top5_mmr.csv,300,5,mmr,0.36038856507755423,0.5980557118320277,0.34969552669552667,0.1655515873015873,0.3657447535103008
output_chunk400_top5_mmr.csv,400,5,mmr,0.35015857914630044,0.5970607062020106,0.344036186036186,0.1608761487050961,0.35874146306369903
output_chunk500_top5_mmr.csv,500,5,mmr,0.36147472929290103,0.6146476090652292,0.3476076146076146,0.16885233918128656,0.36925529178880556
